{"MinEstimation":-1.7976931348623157E+308,"MaxHeight":8.0,"MaxWidth":5.7,"AttractorRatio":0.0,"EdgeRatio":5.333333333333333,"DepthPenaltyRatio":18.539609489592852,"AdjacencyDownRatio":7.4450507887072774,"AdjacencySideRatio":6.0266136879225334,"CornerCellsBonus":49.152058201136718,"HiddenHolesPenalty":68.718634728366482}