{"MinEstimation":-1.7976931348623157E+308,"MaxHeight":8.0,"MaxWidth":3.4495980522383931,"AttractorRatio":5.3999999999999995,"EdgeRatio":9.8600265654083472,"DepthPenaltyRatio":10.306373088856404,"AdjacencyDownRatio":3.1294321706329629,"AdjacencySideRatio":2.6199999999999997,"CornerCellsBonus":12.162643244100114,"HiddenHolesPenalty":100.0}